Sex,Average,Survived,Fare
female,27.91570881,233,44.47981783
male,30.72664459,109,25.52389341